{
  "runAt": "2026-04-24T16:44:55.435Z",
  "window": {
    "years": 1.6,
    "bars": 402
  },
  "regimeSplit": {
    "bullDays": 360,
    "defDays": 42
  },
  "spy": {
    "annRet": 0.23373358676528233,
    "annVol": 0.1743123227312966,
    "sharpe": 1.1114164720524304,
    "maxDD": 0.18998904129504865
  },
  "strategy": {
    "annRet": 0.012207954845433466,
    "annVol": 0.012539348744909569,
    "sharpe": -2.2163866497332165,
    "maxDD": 0.014843321272764765
  },
  "regimeSwitch": {
    "annRet": 0.26114630705056174,
    "annVol": 0.12159855138539472,
    "sharpe": 1.8186590591006315,
    "maxDD": 0.08405619392423222
  },
  "alphaVsSpy": 0.027412720285279413,
  "commercialGate": true
}